<application>
  <component name="ProjectJdkTable">
    <jdk version="2">
      <name value="Python 3.6" />
      <type value="Python SDK" />
      <version value="Python 3.6.0" />
      <homePath value="C:\Python\Python36-32\python.exe" />
      <roots>
        <classPath>
          <root type="composite">
            <root url="file://C:/Python/Python36-32/DLLs" type="simple" />
            <root url="file://C:/Python/Python36-32/Lib" type="simple" />
            <root url="file://C:/Python/Python36-32" type="simple" />
            <root url="file://C:/Python/Python36-32/Lib/site-packages" type="simple" />
            <root url="file://$USER_HOME$/AppData/Local/JetBrains/PyCharmCE2020.1/python_stubs/-836061827" type="simple" />
            <root url="file://$APPLICATION_HOME_DIR$/plugins/python-ce/helpers/python-skeletons" type="simple" />
            <root url="file://$APPLICATION_HOME_DIR$/plugins/python-ce/helpers/typeshed/stdlib/3" type="simple" />
            <root url="file://$APPLICATION_HOME_DIR$/plugins/python-ce/helpers/typeshed/stdlib/2and3" type="simple" />
            <root url="file://$APPLICATION_HOME_DIR$/plugins/python-ce/helpers/typeshed/third_party/3" type="simple" />
            <root url="file://$APPLICATION_HOME_DIR$/plugins/python-ce/helpers/typeshed/third_party/2and3" type="simple" />
          </root>
        </classPath>
        <sourcePath>
          <root type="composite" />
        </sourcePath>
      </roots>
      <additional />
    </jdk>
    <jdk version="2">
      <name value="Python 3.8 (pytex)" />
      <type value="Python SDK" />
      <version value="Python 3.8.2" />
      <homePath value="C:\nav\tech\python\pytex\venv\Scripts\python.exe" />
      <roots>
        <classPath>
          <root type="composite">
            <root url="file://C:/Program Files/Python38/DLLs" type="simple" />
            <root url="file://C:/Program Files/Python38/Lib" type="simple" />
            <root url="file://C:/Program Files/Python38" type="simple" />
            <root url="file://C:/nav/tech/python/pytex/venv" type="simple" />
            <root url="file://C:/nav/tech/python/pytex/venv/Lib/site-packages" type="simple" />
            <root url="file://$USER_HOME$/AppData/Local/JetBrains/PyCharmCE2020.1/python_stubs/-971699056" type="simple" />
            <root url="file://$APPLICATION_HOME_DIR$/plugins/python-ce/helpers/python-skeletons" type="simple" />
            <root url="file://$APPLICATION_HOME_DIR$/plugins/python-ce/helpers/typeshed/stdlib/3.7" type="simple" />
            <root url="file://$APPLICATION_HOME_DIR$/plugins/python-ce/helpers/typeshed/stdlib/3" type="simple" />
            <root url="file://$APPLICATION_HOME_DIR$/plugins/python-ce/helpers/typeshed/stdlib/2and3" type="simple" />
            <root url="file://$APPLICATION_HOME_DIR$/plugins/python-ce/helpers/typeshed/third_party/3" type="simple" />
            <root url="file://$APPLICATION_HOME_DIR$/plugins/python-ce/helpers/typeshed/third_party/2and3" type="simple" />
          </root>
        </classPath>
        <sourcePath>
          <root type="composite" />
        </sourcePath>
      </roots>
      <additional ASSOCIATED_PROJECT_PATH="C:/nav/tech/python/pytex" />
    </jdk>
    <jdk version="2">
      <name value="Python 3.8 (20-07-27ContextManager)" />
      <type value="Python SDK" />
      <homePath value="C:\nav\tech\python\20-07-27ContextManager\venv\Scripts\python.exe" />
      <roots>
        <classPath>
          <root type="composite">
            <root url="file://C:/Program Files/Python38/DLLs" type="simple" />
            <root url="file://C:/Program Files/Python38/Lib" type="simple" />
            <root url="file://C:/Program Files/Python38" type="simple" />
            <root url="file://C:/nav/tech/python/20-07-27ContextManager/venv" type="simple" />
            <root url="file://C:/nav/tech/python/20-07-27ContextManager/venv/Lib/site-packages" type="simple" />
            <root url="file://$USER_HOME$/AppData/Local/JetBrains/PyCharmCE2020.1/python_stubs/1139660904" type="simple" />
            <root url="file://$APPLICATION_HOME_DIR$/plugins/python-ce/helpers/python-skeletons" type="simple" />
            <root url="file://$APPLICATION_HOME_DIR$/plugins/python-ce/helpers/typeshed/stdlib/3.7" type="simple" />
            <root url="file://$APPLICATION_HOME_DIR$/plugins/python-ce/helpers/typeshed/stdlib/3" type="simple" />
            <root url="file://$APPLICATION_HOME_DIR$/plugins/python-ce/helpers/typeshed/stdlib/2and3" type="simple" />
            <root url="file://$APPLICATION_HOME_DIR$/plugins/python-ce/helpers/typeshed/third_party/3" type="simple" />
            <root url="file://$APPLICATION_HOME_DIR$/plugins/python-ce/helpers/typeshed/third_party/2and3" type="simple" />
          </root>
        </classPath>
        <sourcePath>
          <root type="composite" />
        </sourcePath>
      </roots>
      <additional ASSOCIATED_PROJECT_PATH="C:/nav/tech/python/20-07-27ContextManager" />
    </jdk>
    <jdk version="2">
      <name value="Python 3.8 (MLtrash)" />
      <type value="Python SDK" />
      <version value="Python 3.8.2" />
      <homePath value="C:\nav\tech\python\MLtrash\venv\Scripts\python.exe" />
      <roots>
        <classPath>
          <root type="composite">
            <root url="file://C:/Program Files/Python38/DLLs" type="simple" />
            <root url="file://C:/Program Files/Python38/Lib" type="simple" />
            <root url="file://C:/Program Files/Python38" type="simple" />
            <root url="file://C:/nav/tech/python/MLtrash/venv" type="simple" />
            <root url="file://C:/nav/tech/python/MLtrash/venv/Lib/site-packages" type="simple" />
            <root url="file://$USER_HOME$/AppData/Local/JetBrains/PyCharmCE2020.1/python_stubs/1362169483" type="simple" />
            <root url="file://$APPLICATION_HOME_DIR$/plugins/python-ce/helpers/python-skeletons" type="simple" />
            <root url="file://$APPLICATION_HOME_DIR$/plugins/python-ce/helpers/typeshed/stdlib/3.7" type="simple" />
            <root url="file://$APPLICATION_HOME_DIR$/plugins/python-ce/helpers/typeshed/stdlib/3" type="simple" />
            <root url="file://$APPLICATION_HOME_DIR$/plugins/python-ce/helpers/typeshed/stdlib/2and3" type="simple" />
            <root url="file://$APPLICATION_HOME_DIR$/plugins/python-ce/helpers/typeshed/third_party/3" type="simple" />
            <root url="file://$APPLICATION_HOME_DIR$/plugins/python-ce/helpers/typeshed/third_party/2and3" type="simple" />
          </root>
        </classPath>
        <sourcePath>
          <root type="composite" />
        </sourcePath>
      </roots>
      <additional ASSOCIATED_PROJECT_PATH="C:/nav/tech/python/MLtrash" />
    </jdk>
    <jdk version="2">
      <name value="Python 3.8 (DJmango)" />
      <type value="Python SDK" />
      <version value="Python 3.8.2" />
      <homePath value="C:\gith\DJmango\venv\Scripts\python.exe" />
      <roots>
        <classPath>
          <root type="composite">
            <root url="file://C:/Program Files/Python38/DLLs" type="simple" />
            <root url="file://C:/Program Files/Python38/Lib" type="simple" />
            <root url="file://C:/Program Files/Python38" type="simple" />
            <root url="file://C:/gith/DJmango/venv" type="simple" />
            <root url="file://C:/gith/DJmango/venv/Lib/site-packages" type="simple" />
            <root url="file://$USER_HOME$/AppData/Local/JetBrains/PyCharmCE2020.1/python_stubs/-43080885" type="simple" />
            <root url="file://$APPLICATION_HOME_DIR$/plugins/python-ce/helpers/python-skeletons" type="simple" />
            <root url="file://$APPLICATION_HOME_DIR$/plugins/python-ce/helpers/typeshed/stdlib/3.7" type="simple" />
            <root url="file://$APPLICATION_HOME_DIR$/plugins/python-ce/helpers/typeshed/stdlib/3" type="simple" />
            <root url="file://$APPLICATION_HOME_DIR$/plugins/python-ce/helpers/typeshed/stdlib/2and3" type="simple" />
            <root url="file://$APPLICATION_HOME_DIR$/plugins/python-ce/helpers/typeshed/third_party/3" type="simple" />
            <root url="file://$APPLICATION_HOME_DIR$/plugins/python-ce/helpers/typeshed/third_party/2and3" type="simple" />
          </root>
        </classPath>
        <sourcePath>
          <root type="composite" />
        </sourcePath>
      </roots>
      <additional ASSOCIATED_PROJECT_PATH="C:/gith/DJmango" />
    </jdk>
    <jdk version="2">
      <name value="Python 3.8 (Listoffiles)" />
      <type value="Python SDK" />
      <version value="Python 3.8.2" />
      <homePath value="C:\gith\Listoffiles\venv\Scripts\python.exe" />
      <roots>
        <classPath>
          <root type="composite">
            <root url="file://C:/Program Files/Python38/DLLs" type="simple" />
            <root url="file://C:/Program Files/Python38/Lib" type="simple" />
            <root url="file://C:/Program Files/Python38" type="simple" />
            <root url="file://C:/gith/Listoffiles/venv" type="simple" />
            <root url="file://C:/gith/Listoffiles/venv/Lib/site-packages" type="simple" />
            <root url="file://$USER_HOME$/AppData/Local/JetBrains/PyCharmCE2020.1/python_stubs/-898408623" type="simple" />
            <root url="file://$APPLICATION_HOME_DIR$/plugins/python-ce/helpers/python-skeletons" type="simple" />
            <root url="file://$APPLICATION_HOME_DIR$/plugins/python-ce/helpers/typeshed/stdlib/3.7" type="simple" />
            <root url="file://$APPLICATION_HOME_DIR$/plugins/python-ce/helpers/typeshed/stdlib/3" type="simple" />
            <root url="file://$APPLICATION_HOME_DIR$/plugins/python-ce/helpers/typeshed/stdlib/2and3" type="simple" />
            <root url="file://$APPLICATION_HOME_DIR$/plugins/python-ce/helpers/typeshed/third_party/3" type="simple" />
            <root url="file://$APPLICATION_HOME_DIR$/plugins/python-ce/helpers/typeshed/third_party/2and3" type="simple" />
          </root>
        </classPath>
        <sourcePath>
          <root type="composite" />
        </sourcePath>
      </roots>
      <additional ASSOCIATED_PROJECT_PATH="C:/gith/Listoffiles" />
    </jdk>
    <jdk version="2">
      <name value="Python 3.8 (audiosplitbystamp)" />
      <type value="Python SDK" />
      <version value="Python 3.8.2" />
      <homePath value="C:\gith\audiosplitbystamp\venv\Scripts\python.exe" />
      <roots>
        <classPath>
          <root type="composite">
            <root url="file://C:/Program Files/Python38/DLLs" type="simple" />
            <root url="file://C:/Program Files/Python38/Lib" type="simple" />
            <root url="file://C:/Program Files/Python38" type="simple" />
            <root url="file://C:/gith/audiosplitbystamp/venv" type="simple" />
            <root url="file://C:/gith/audiosplitbystamp/venv/Lib/site-packages" type="simple" />
            <root url="file://$USER_HOME$/AppData/Local/JetBrains/PyCharmCE2020.1/python_stubs/-872365609" type="simple" />
            <root url="file://$APPLICATION_HOME_DIR$/plugins/python-ce/helpers/python-skeletons" type="simple" />
            <root url="file://$APPLICATION_HOME_DIR$/plugins/python-ce/helpers/typeshed/stdlib/3.7" type="simple" />
            <root url="file://$APPLICATION_HOME_DIR$/plugins/python-ce/helpers/typeshed/stdlib/3" type="simple" />
            <root url="file://$APPLICATION_HOME_DIR$/plugins/python-ce/helpers/typeshed/stdlib/2and3" type="simple" />
            <root url="file://$APPLICATION_HOME_DIR$/plugins/python-ce/helpers/typeshed/third_party/3" type="simple" />
            <root url="file://$APPLICATION_HOME_DIR$/plugins/python-ce/helpers/typeshed/third_party/2and3" type="simple" />
          </root>
        </classPath>
        <sourcePath>
          <root type="composite" />
        </sourcePath>
      </roots>
      <additional ASSOCIATED_PROJECT_PATH="C:/gith/audiosplitbystamp" />
    </jdk>
    <jdk version="2">
      <name value="Python 3.8 (djangopolls)" />
      <type value="Python SDK" />
      <homePath value="C:\gith\djangopolls\venv\Scripts\python.exe" />
      <roots>
        <classPath>
          <root type="composite">
            <root url="file://C:/Program Files/Python38/DLLs" type="simple" />
            <root url="file://C:/Program Files/Python38/Lib" type="simple" />
            <root url="file://C:/Program Files/Python38" type="simple" />
            <root url="file://C:/gith/djangopolls/venv" type="simple" />
            <root url="file://C:/gith/djangopolls/venv/Lib/site-packages" type="simple" />
            <root url="file://$USER_HOME$/AppData/Local/JetBrains/PyCharmCE2020.1/python_stubs/1331334120" type="simple" />
            <root url="file://$APPLICATION_HOME_DIR$/plugins/python-ce/helpers/python-skeletons" type="simple" />
            <root url="file://$APPLICATION_HOME_DIR$/plugins/python-ce/helpers/typeshed/stdlib/3.7" type="simple" />
            <root url="file://$APPLICATION_HOME_DIR$/plugins/python-ce/helpers/typeshed/stdlib/3" type="simple" />
            <root url="file://$APPLICATION_HOME_DIR$/plugins/python-ce/helpers/typeshed/stdlib/2and3" type="simple" />
            <root url="file://$APPLICATION_HOME_DIR$/plugins/python-ce/helpers/typeshed/third_party/3" type="simple" />
            <root url="file://$APPLICATION_HOME_DIR$/plugins/python-ce/helpers/typeshed/third_party/2and3" type="simple" />
          </root>
        </classPath>
        <sourcePath>
          <root type="composite" />
        </sourcePath>
      </roots>
      <additional ASSOCIATED_PROJECT_PATH="C:/gith/djangopolls" />
    </jdk>
    <jdk version="2">
      <name value="Python 3.8 (mrevanishere_site)" />
      <type value="Python SDK" />
      <homePath value="C:\gith\mrevanishere_site\venv\Scripts\python.exe" />
      <roots>
        <classPath>
          <root type="composite">
            <root url="file://C:/Program Files/Python38/DLLs" type="simple" />
            <root url="file://C:/Program Files/Python38/Lib" type="simple" />
            <root url="file://C:/Program Files/Python38" type="simple" />
            <root url="file://C:/gith/mrevanishere_site/venv" type="simple" />
            <root url="file://C:/gith/mrevanishere_site/venv/Lib/site-packages" type="simple" />
            <root url="file://$USER_HOME$/AppData/Local/JetBrains/PyCharmCE2020.1/python_stubs/1654558520" type="simple" />
            <root url="file://$APPLICATION_HOME_DIR$/plugins/python-ce/helpers/python-skeletons" type="simple" />
            <root url="file://$APPLICATION_HOME_DIR$/plugins/python-ce/helpers/typeshed/stdlib/3.7" type="simple" />
            <root url="file://$APPLICATION_HOME_DIR$/plugins/python-ce/helpers/typeshed/stdlib/3" type="simple" />
            <root url="file://$APPLICATION_HOME_DIR$/plugins/python-ce/helpers/typeshed/stdlib/2and3" type="simple" />
            <root url="file://$APPLICATION_HOME_DIR$/plugins/python-ce/helpers/typeshed/third_party/3" type="simple" />
            <root url="file://$APPLICATION_HOME_DIR$/plugins/python-ce/helpers/typeshed/third_party/2and3" type="simple" />
          </root>
        </classPath>
        <sourcePath>
          <root type="composite" />
        </sourcePath>
      </roots>
      <additional ASSOCIATED_PROJECT_PATH="C:/gith/mrevanishere_site" />
    </jdk>
    <jdk version="2">
      <name value="Python 3.8 (leetcode)" />
      <type value="Python SDK" />
      <version value="Python 3.8.2" />
      <homePath value="C:\gith\leetcode\venv\Scripts\python.exe" />
      <roots>
        <classPath>
          <root type="composite">
            <root url="file://C:/Program Files/Python38/DLLs" type="simple" />
            <root url="file://C:/Program Files/Python38/Lib" type="simple" />
            <root url="file://C:/Program Files/Python38" type="simple" />
            <root url="file://C:/gith/leetcode/venv" type="simple" />
            <root url="file://C:/gith/leetcode/venv/Lib/site-packages" type="simple" />
            <root url="file://$USER_HOME$/AppData/Local/JetBrains/PyCharmCE2020.1/python_stubs/-1927762938" type="simple" />
            <root url="file://$APPLICATION_HOME_DIR$/plugins/python-ce/helpers/python-skeletons" type="simple" />
            <root url="file://$APPLICATION_HOME_DIR$/plugins/python-ce/helpers/typeshed/stdlib/3.7" type="simple" />
            <root url="file://$APPLICATION_HOME_DIR$/plugins/python-ce/helpers/typeshed/stdlib/3" type="simple" />
            <root url="file://$APPLICATION_HOME_DIR$/plugins/python-ce/helpers/typeshed/stdlib/2and3" type="simple" />
            <root url="file://$APPLICATION_HOME_DIR$/plugins/python-ce/helpers/typeshed/third_party/3" type="simple" />
            <root url="file://$APPLICATION_HOME_DIR$/plugins/python-ce/helpers/typeshed/third_party/2and3" type="simple" />
          </root>
        </classPath>
        <sourcePath>
          <root type="composite" />
        </sourcePath>
      </roots>
      <additional ASSOCIATED_PROJECT_PATH="C:/gith/leetcode" />
    </jdk>
    <jdk version="2">
      <name value="Python 3.8 (textshot-master)" />
      <type value="Python SDK" />
      <version value="Python 3.8.2" />
      <homePath value="C:\gith\textshot-master\venv\Scripts\python.exe" />
      <roots>
        <classPath>
          <root type="composite">
            <root url="file://C:/Program Files/Python38/DLLs" type="simple" />
            <root url="file://C:/Program Files/Python38/Lib" type="simple" />
            <root url="file://C:/Program Files/Python38" type="simple" />
            <root url="file://C:/gith/textshot-master/venv" type="simple" />
            <root url="file://C:/gith/textshot-master/venv/Lib/site-packages" type="simple" />
            <root url="file://$USER_HOME$/AppData/Local/JetBrains/PyCharmCE2020.1/python_stubs/-892441961" type="simple" />
            <root url="file://$APPLICATION_HOME_DIR$/plugins/python-ce/helpers/python-skeletons" type="simple" />
            <root url="file://$APPLICATION_HOME_DIR$/plugins/python-ce/helpers/typeshed/stdlib/3.7" type="simple" />
            <root url="file://$APPLICATION_HOME_DIR$/plugins/python-ce/helpers/typeshed/stdlib/3" type="simple" />
            <root url="file://$APPLICATION_HOME_DIR$/plugins/python-ce/helpers/typeshed/stdlib/2and3" type="simple" />
            <root url="file://$APPLICATION_HOME_DIR$/plugins/python-ce/helpers/typeshed/third_party/3" type="simple" />
            <root url="file://$APPLICATION_HOME_DIR$/plugins/python-ce/helpers/typeshed/third_party/2and3" type="simple" />
          </root>
        </classPath>
        <sourcePath>
          <root type="composite" />
        </sourcePath>
      </roots>
      <additional ASSOCIATED_PROJECT_PATH="C:/gith/textshot-master" />
    </jdk>
    <jdk version="2">
      <name value="Python 3.8 (mrevanishere-site)" />
      <type value="Python SDK" />
      <version value="Python 3.8.2" />
      <homePath value="C:\gith\mrevanishere-site\venv\Scripts\python.exe" />
      <roots>
        <classPath>
          <root type="composite">
            <root url="file://C:/Program Files/Python38/DLLs" type="simple" />
            <root url="file://C:/Program Files/Python38/Lib" type="simple" />
            <root url="file://C:/Program Files/Python38" type="simple" />
            <root url="file://C:/gith/mrevanishere-site/venv" type="simple" />
            <root url="file://C:/gith/mrevanishere-site/venv/Lib/site-packages" type="simple" />
            <root url="file://$USER_HOME$/AppData/Local/JetBrains/PyCharmCE2020.1/python_stubs/1359212038" type="simple" />
            <root url="file://$APPLICATION_HOME_DIR$/plugins/python-ce/helpers/python-skeletons" type="simple" />
            <root url="file://$APPLICATION_HOME_DIR$/plugins/python-ce/helpers/typeshed/stdlib/3.7" type="simple" />
            <root url="file://$APPLICATION_HOME_DIR$/plugins/python-ce/helpers/typeshed/stdlib/3" type="simple" />
            <root url="file://$APPLICATION_HOME_DIR$/plugins/python-ce/helpers/typeshed/stdlib/2and3" type="simple" />
            <root url="file://$APPLICATION_HOME_DIR$/plugins/python-ce/helpers/typeshed/third_party/3" type="simple" />
            <root url="file://$APPLICATION_HOME_DIR$/plugins/python-ce/helpers/typeshed/third_party/2and3" type="simple" />
          </root>
        </classPath>
        <sourcePath>
          <root type="composite" />
        </sourcePath>
      </roots>
      <additional ASSOCIATED_PROJECT_PATH="C:/gith/mrevanishere-site" />
    </jdk>
    <jdk version="2">
      <name value="Python 3.8 (ankiaddonleech)" />
      <type value="Python SDK" />
      <homePath value="C:\gith\ankiaddonleech\venv\Scripts\python.exe" />
      <roots>
        <classPath>
          <root type="composite">
            <root url="file://C:/Program Files/Python38/DLLs" type="simple" />
            <root url="file://C:/Program Files/Python38/Lib" type="simple" />
            <root url="file://C:/Program Files/Python38" type="simple" />
            <root url="file://C:/gith/ankiaddonleech/venv" type="simple" />
            <root url="file://C:/gith/ankiaddonleech/venv/Lib/site-packages" type="simple" />
            <root url="file://C:/gith/ankiaddonleech/venv/Lib/site-packages/win32" type="simple" />
            <root url="file://C:/gith/ankiaddonleech/venv/Lib/site-packages/win32/lib" type="simple" />
            <root url="file://C:/gith/ankiaddonleech/venv/Lib/site-packages/pythonwin" type="simple" />
            <root url="file://$USER_HOME$/AppData/Local/JetBrains/PyCharm2020.2/python_stubs/-1057750483" type="simple" />
            <root url="file://$APPLICATION_HOME_DIR$/plugins/python/helpers/python-skeletons" type="simple" />
            <root url="file://$APPLICATION_HOME_DIR$/plugins/python/helpers/typeshed/stdlib/3.7" type="simple" />
            <root url="file://$APPLICATION_HOME_DIR$/plugins/python/helpers/typeshed/stdlib/3" type="simple" />
            <root url="file://$APPLICATION_HOME_DIR$/plugins/python/helpers/typeshed/stdlib/2and3" type="simple" />
            <root url="file://$APPLICATION_HOME_DIR$/plugins/python/helpers/typeshed/third_party/3" type="simple" />
            <root url="file://$APPLICATION_HOME_DIR$/plugins/python/helpers/typeshed/third_party/2and3" type="simple" />
          </root>
        </classPath>
        <sourcePath>
          <root type="composite" />
        </sourcePath>
      </roots>
      <additional ASSOCIATED_PROJECT_PATH="C:/gith/ankiaddonleech" />
    </jdk>
    <jdk version="2">
      <name value="Python 3.8 (pythonconcepts)" />
      <type value="Python SDK" />
      <version value="Python 3.8.2" />
      <homePath value="C:\gith\pythonconcepts\venv\Scripts\python.exe" />
      <roots>
        <classPath>
          <root type="composite">
            <root url="file://C:/Program Files/Python38/DLLs" type="simple" />
            <root url="file://C:/Program Files/Python38/Lib" type="simple" />
            <root url="file://C:/Program Files/Python38" type="simple" />
            <root url="file://C:/gith/pythonconcepts/venv" type="simple" />
            <root url="file://C:/gith/pythonconcepts/venv/Lib/site-packages" type="simple" />
            <root url="file://$USER_HOME$/AppData/Local/JetBrains/PyCharm2020.2/python_stubs/-2037786792" type="simple" />
            <root url="file://$APPLICATION_HOME_DIR$/plugins/python/helpers/python-skeletons" type="simple" />
            <root url="file://$APPLICATION_HOME_DIR$/plugins/python/helpers/typeshed/stdlib/3.7" type="simple" />
            <root url="file://$APPLICATION_HOME_DIR$/plugins/python/helpers/typeshed/stdlib/3" type="simple" />
            <root url="file://$APPLICATION_HOME_DIR$/plugins/python/helpers/typeshed/stdlib/2and3" type="simple" />
            <root url="file://$APPLICATION_HOME_DIR$/plugins/python/helpers/typeshed/third_party/3" type="simple" />
            <root url="file://$APPLICATION_HOME_DIR$/plugins/python/helpers/typeshed/third_party/2and3" type="simple" />
          </root>
        </classPath>
        <sourcePath>
          <root type="composite" />
        </sourcePath>
      </roots>
      <additional ASSOCIATED_PROJECT_PATH="C:/gith/pythonconcepts" />
    </jdk>
    <jdk version="2">
      <name value="Python 3.8 (pyqttutorial)" />
      <type value="Python SDK" />
      <version value="Python 3.8.2" />
      <homePath value="C:\gith\pyqttutorial\venv\Scripts\python.exe" />
      <roots>
        <classPath>
          <root type="composite">
            <root url="file://C:/Program Files/Python38/DLLs" type="simple" />
            <root url="file://C:/Program Files/Python38/Lib" type="simple" />
            <root url="file://C:/Program Files/Python38" type="simple" />
            <root url="file://C:/gith/pyqttutorial/venv" type="simple" />
            <root url="file://C:/gith/pyqttutorial/venv/Lib/site-packages" type="simple" />
            <root url="file://$USER_HOME$/AppData/Local/JetBrains/PyCharmCE2020.1/python_stubs/-1306531845" type="simple" />
            <root url="file://$APPLICATION_HOME_DIR$/plugins/python-ce/helpers/python-skeletons" type="simple" />
            <root url="file://$APPLICATION_HOME_DIR$/plugins/python-ce/helpers/typeshed/stdlib/3.7" type="simple" />
            <root url="file://$APPLICATION_HOME_DIR$/plugins/python-ce/helpers/typeshed/stdlib/3" type="simple" />
            <root url="file://$APPLICATION_HOME_DIR$/plugins/python-ce/helpers/typeshed/stdlib/2and3" type="simple" />
            <root url="file://$APPLICATION_HOME_DIR$/plugins/python-ce/helpers/typeshed/third_party/3" type="simple" />
            <root url="file://$APPLICATION_HOME_DIR$/plugins/python-ce/helpers/typeshed/third_party/2and3" type="simple" />
          </root>
        </classPath>
        <sourcePath>
          <root type="composite" />
        </sourcePath>
      </roots>
      <additional ASSOCIATED_PROJECT_PATH="C:/gith/pyqttutorial" />
    </jdk>
    <jdk version="2">
      <name value="Python 3.8 (scripts)" />
      <type value="Python SDK" />
      <version value="Python 3.8.2" />
      <homePath value="C:\gith\###inactive\scripts\venv\Scripts\python.exe" />
      <roots>
        <classPath>
          <root type="composite">
            <root url="file://C:/Program Files/Python38/DLLs" type="simple" />
            <root url="file://C:/Program Files/Python38/Lib" type="simple" />
            <root url="file://C:/Program Files/Python38" type="simple" />
            <root url="file://C:/gith/###inactive/scripts/venv" type="simple" />
            <root url="file://C:/gith/###inactive/scripts/venv/Lib/site-packages" type="simple" />
            <root url="file://$USER_HOME$/AppData/Local/JetBrains/PyCharmCE2020.1/python_stubs/249959926" type="simple" />
            <root url="file://$APPLICATION_HOME_DIR$/plugins/python-ce/helpers/python-skeletons" type="simple" />
            <root url="file://$APPLICATION_HOME_DIR$/plugins/python-ce/helpers/typeshed/stdlib/3.7" type="simple" />
            <root url="file://$APPLICATION_HOME_DIR$/plugins/python-ce/helpers/typeshed/stdlib/3" type="simple" />
            <root url="file://$APPLICATION_HOME_DIR$/plugins/python-ce/helpers/typeshed/stdlib/2and3" type="simple" />
            <root url="file://$APPLICATION_HOME_DIR$/plugins/python-ce/helpers/typeshed/third_party/3" type="simple" />
            <root url="file://$APPLICATION_HOME_DIR$/plugins/python-ce/helpers/typeshed/third_party/2and3" type="simple" />
          </root>
        </classPath>
        <sourcePath>
          <root type="composite" />
        </sourcePath>
      </roots>
      <additional ASSOCIATED_PROJECT_PATH="C:/gith/###inactive/scripts" />
    </jdk>
    <jdk version="2">
      <name value="Python 3.8 (anki-master)" />
      <type value="Python SDK" />
      <version value="Python 3.8.2" />
      <homePath value="C:\gith\##sources\anki-master\venv\Scripts\python.exe" />
      <roots>
        <classPath>
          <root type="composite">
            <root url="file://C:/Program Files/Python38/DLLs" type="simple" />
            <root url="file://C:/Program Files/Python38/Lib" type="simple" />
            <root url="file://C:/Program Files/Python38" type="simple" />
            <root url="file://C:/gith/##sources/anki-master/venv" type="simple" />
            <root url="file://C:/gith/##sources/anki-master/venv/Lib/site-packages" type="simple" />
            <root url="file://C:/gith/##sources/anki-master/venv/Lib/site-packages/win32" type="simple" />
            <root url="file://C:/gith/##sources/anki-master/venv/Lib/site-packages/win32/lib" type="simple" />
            <root url="file://C:/gith/##sources/anki-master/venv/Lib/site-packages/pythonwin" type="simple" />
            <root url="file://$USER_HOME$/AppData/Local/JetBrains/PyCharm2020.2/python_stubs/-743099652" type="simple" />
            <root url="file://$APPLICATION_HOME_DIR$/plugins/python/helpers/python-skeletons" type="simple" />
            <root url="file://$APPLICATION_HOME_DIR$/plugins/python/helpers/typeshed/stdlib/3.7" type="simple" />
            <root url="file://$APPLICATION_HOME_DIR$/plugins/python/helpers/typeshed/stdlib/3" type="simple" />
            <root url="file://$APPLICATION_HOME_DIR$/plugins/python/helpers/typeshed/stdlib/2and3" type="simple" />
            <root url="file://$APPLICATION_HOME_DIR$/plugins/python/helpers/typeshed/third_party/3" type="simple" />
            <root url="file://$APPLICATION_HOME_DIR$/plugins/python/helpers/typeshed/third_party/2and3" type="simple" />
          </root>
        </classPath>
        <sourcePath>
          <root type="composite" />
        </sourcePath>
      </roots>
      <additional ASSOCIATED_PROJECT_PATH="C:/gith/##sources/anki-master" />
    </jdk>
    <jdk version="2">
      <name value="Python 3.8 (ankiultimate)" />
      <type value="Python SDK" />
      <version value="Python 3.8.2" />
      <homePath value="C:\Users\Evan\AppData\Roaming\Anki2\addons21\ankiultimate\venv\Scripts\python.exe" />
      <roots>
        <classPath>
          <root type="composite">
            <root url="file://C:/Program Files/Python38/DLLs" type="simple" />
            <root url="file://C:/Program Files/Python38/Lib" type="simple" />
            <root url="file://C:/Program Files/Python38" type="simple" />
            <root url="file://$USER_HOME$/AppData/Roaming/Anki2/addons21/ankiultimate/venv" type="simple" />
            <root url="file://$USER_HOME$/AppData/Roaming/Anki2/addons21/ankiultimate/venv/Lib/site-packages" type="simple" />
            <root url="file://$USER_HOME$/AppData/Roaming/Anki2/addons21/ankiultimate/venv/Lib/site-packages/win32" type="simple" />
            <root url="file://$USER_HOME$/AppData/Roaming/Anki2/addons21/ankiultimate/venv/Lib/site-packages/win32/lib" type="simple" />
            <root url="file://$USER_HOME$/AppData/Roaming/Anki2/addons21/ankiultimate/venv/Lib/site-packages/pythonwin" type="simple" />
            <root url="file://$USER_HOME$/AppData/Local/JetBrains/PyCharm2020.2/python_stubs/-1455284715" type="simple" />
            <root url="file://$APPLICATION_HOME_DIR$/plugins/python/helpers/python-skeletons" type="simple" />
            <root url="file://$APPLICATION_HOME_DIR$/plugins/python/helpers/typeshed/stdlib/3.7" type="simple" />
            <root url="file://$APPLICATION_HOME_DIR$/plugins/python/helpers/typeshed/stdlib/3" type="simple" />
            <root url="file://$APPLICATION_HOME_DIR$/plugins/python/helpers/typeshed/stdlib/2and3" type="simple" />
            <root url="file://$APPLICATION_HOME_DIR$/plugins/python/helpers/typeshed/third_party/3" type="simple" />
            <root url="file://$APPLICATION_HOME_DIR$/plugins/python/helpers/typeshed/third_party/2and3" type="simple" />
          </root>
        </classPath>
        <sourcePath>
          <root type="composite" />
        </sourcePath>
      </roots>
      <additional ASSOCIATED_PROJECT_PATH="$USER_HOME$/AppData/Roaming/Anki2/addons21/ankiultimate" />
    </jdk>
  </component>
</application>